Transaction ID,Name,Date,Amount,Payment Method,UPI ID,Phone,Email,Status
TXN00001,Jesse Pinkman,2025-01-09,2500.96,Card,NA,9999999999,user1@example.com,Failed
TXN00002,Lara Croft,2025-05-14,3972.58,Wallet,NA,9999999999,user2@example.com,Failed
TXN00003,Jim Halpert,2025-05-05,1541.8,Card,NA,9999999999,user3@example.com,Pending
TXN00004,Penny Hofstadter,2025-05-13,2608.45,UPI,pennyhofstadter@upi,9999999999,user4@example.com,Failed
TXN00005,Leonard Hofstadter,2025-04-13,3417.74,UPI,leonardhofstadter@upi,9999999999,user5@example.com,Success
TXN00006,Michael Scott,2025-04-10,1316.39,Wallet,NA,9999999999,user6@example.com,Failed
TXN00007,Jane Smith,2025-01-21,746.28,Card,NA,9999999999,user7@example.com,Pending
TXN00008,Jane Smith,2025-06-07,2023.32,Wallet,NA,9999999999,user8@example.com,Failed
TXN00009,Penny Hofstadter,2025-03-16,1999.34,UPI,pennyhofstadter@upi,9999999999,user9@example.com,Pending
TXN00010,Sheldon Cooper,2025-05-10,4291.59,Card,NA,9999999999,user10@example.com,Success
TXN00011,Pam Beesly,2025-03-20,831.92,Wallet,NA,9999999999,user11@example.com,Failed
TXN00012,Walter White,2025-05-16,1460.09,Card,NA,9999999999,user12@example.com,Success
TXN00013,Sheldon Cooper,2025-03-26,1493.64,Wallet,NA,9999999999,user13@example.com,Pending
TXN00014,Leonard Hofstadter,2025-05-19,1869.29,UPI,leonardhofstadter@upi,9999999999,user14@example.com,Success
TXN00015,Michael Scott,2025-03-01,4232.62,Card,NA,9999999999,user15@example.com,Success
TXN00016,Jim Halpert,2025-03-17,3296.4,UPI,jimhalpert@upi,9999999999,user16@example.com,Pending
TXN00017,Jesse Pinkman,2025-01-24,373.4,UPI,jessepinkman@upi,9999999999,user17@example.com,Failed
TXN00018,Lara Croft,2025-01-21,3051.78,UPI,laracroft@upi,9999999999,user18@example.com,Failed
TXN00019,Dwight Schrute,2025-06-22,4042.09,Wallet,NA,9999999999,user19@example.com,Failed
TXN00020,Jim Halpert,2025-04-30,373.08,UPI,jimhalpert@upi,9999999999,user20@example.com,Success
TXN00021,Rick Grimes,2025-05-13,1370.17,Wallet,NA,9999999999,user21@example.com,Pending
TXN00022,Michael Scott,2025-04-26,1776.38,UPI,michaelscott@upi,9999999999,user22@example.com,Success
TXN00023,Dexter Morgan,2025-06-03,1024.74,UPI,dextermorgan@upi,9999999999,user23@example.com,Pending
TXN00024,Rick Grimes,2025-03-06,1945.19,Wallet,NA,9999999999,user24@example.com,Success
TXN00025,Pam Beesly,2025-06-30,3962.46,Card,NA,9999999999,user25@example.com,Pending
TXN00026,Leonard Hofstadter,2025-06-27,2682.98,UPI,leonardhofstadter@upi,9999999999,user26@example.com,Pending
TXN00027,Negan,2025-01-05,1166.06,UPI,negan@upi,9999999999,user27@example.com,Success
TXN00028,Lara Croft,2025-05-20,1753.29,UPI,laracroft@upi,9999999999,user28@example.com,Success
TXN00029,Jane Smith,2025-02-10,1868.1,UPI,janesmith@upi,9999999999,user29@example.com,Success
TXN00030,Ellen Ripley,2025-04-13,3033.52,UPI,ellenripley@upi,9999999999,user30@example.com,Failed
TXN00031,Rick Grimes,2025-04-29,3180.33,Wallet,NA,9999999999,user31@example.com,Success
TXN00032,Sheldon Cooper,2025-06-13,2971.21,UPI,sheldoncooper@upi,9999999999,user32@example.com,Failed
TXN00033,Saul Goodman,2025-05-21,4375.78,Wallet,NA,9999999999,user33@example.com,Pending
TXN00034,Jim Halpert,2025-02-14,2031.09,UPI,jimhalpert@upi,9999999999,user34@example.com,Pending
TXN00035,Negan,2025-03-07,594.35,Wallet,NA,9999999999,user35@example.com,Success
TXN00036,Leonard Hofstadter,2025-06-06,1950.59,Wallet,NA,9999999999,user36@example.com,Success
TXN00037,Bruce Wayne,2025-01-28,685.04,Card,NA,9999999999,user37@example.com,Failed
TXN00038,Michael Scott,2025-05-20,2820.31,Card,NA,9999999999,user38@example.com,Success
TXN00039,Bruce Wayne,2025-03-05,2528.26,UPI,brucewayne@upi,9999999999,user39@example.com,Failed
TXN00040,Penny Hofstadter,2025-06-24,1455.63,UPI,pennyhofstadter@upi,9999999999,user40@example.com,Pending
TXN00041,John Doe,2025-01-25,169.66,Card,NA,9999999999,user41@example.com,Success
TXN00042,Dexter Morgan,2025-03-07,4985.91,UPI,dextermorgan@upi,9999999999,user42@example.com,Pending
TXN00043,Saul Goodman,2025-06-26,2023.03,UPI,saulgoodman@upi,9999999999,user43@example.com,Success
TXN00044,Bruce Wayne,2025-01-07,68.97,UPI,brucewayne@upi,9999999999,user44@example.com,Success
TXN00045,Lara Croft,2025-01-24,4239.48,UPI,laracroft@upi,9999999999,user45@example.com,Pending
TXN00046,Rick Grimes,2025-06-20,1436.11,Wallet,NA,9999999999,user46@example.com,Pending
TXN00047,Sheldon Cooper,2025-05-10,3393.5,Card,NA,9999999999,user47@example.com,Pending
TXN00048,Walter White,2025-05-20,1268.41,Wallet,NA,9999999999,user48@example.com,Failed
TXN00049,Sheldon Cooper,2025-02-05,4457.59,Card,NA,9999999999,user49@example.com,Failed
TXN00050,Rick Grimes,2025-01-10,4631.02,Card,NA,9999999999,user50@example.com,Failed
TXN00051,Lara Croft,2025-05-12,1158.13,Wallet,NA,9999999999,user51@example.com,Success
TXN00052,Bruce Wayne,2025-03-11,4927.61,Wallet,NA,9999999999,user52@example.com,Failed
TXN00053,Penny Hofstadter,2025-05-13,2550.71,Card,NA,9999999999,user53@example.com,Failed
TXN00054,John Doe,2025-05-07,2633.02,Wallet,NA,9999999999,user54@example.com,Success
TXN00055,Lara Croft,2025-06-29,3784.33,Wallet,NA,9999999999,user55@example.com,Success
TXN00056,Dexter Morgan,2025-01-21,2583.51,UPI,dextermorgan@upi,9999999999,user56@example.com,Failed
TXN00057,Howard Wolowitz,2025-02-28,4492.68,UPI,howardwolowitz@upi,9999999999,user57@example.com,Pending
TXN00058,Pam Beesly,2025-02-01,2810.13,Card,NA,9999999999,user58@example.com,Success
TXN00059,Sheldon Cooper,2025-05-25,4538.42,Card,NA,9999999999,user59@example.com,Failed
TXN00060,Pam Beesly,2025-05-31,383.76,Card,NA,9999999999,user60@example.com,Failed
TXN00061,Leonard Hofstadter,2025-04-28,4219.31,UPI,leonardhofstadter@upi,9999999999,user61@example.com,Success
TXN00062,Dwight Schrute,2025-04-01,2356.2,UPI,dwightschrute@upi,9999999999,user62@example.com,Success
TXN00063,Howard Wolowitz,2025-03-14,2466.22,UPI,howardwolowitz@upi,9999999999,user63@example.com,Success
TXN00064,Ellen Ripley,2025-05-05,4684.01,UPI,ellenripley@upi,9999999999,user64@example.com,Failed
TXN00065,Dexter Morgan,2025-04-02,216.23,UPI,dextermorgan@upi,9999999999,user65@example.com,Failed
TXN00066,Negan,2025-01-10,3218.82,Wallet,NA,9999999999,user66@example.com,Success
TXN00067,Pam Beesly,2025-05-08,3190.69,UPI,pambeesly@upi,9999999999,user67@example.com,Pending
TXN00068,Pam Beesly,2025-04-30,248.3,Card,NA,9999999999,user68@example.com,Success
TXN00069,Pam Beesly,2025-06-02,4973.52,UPI,pambeesly@upi,9999999999,user69@example.com,Success
TXN00070,Walter White,2025-06-01,1904.63,UPI,walterwhite@upi,9999999999,user70@example.com,Failed
TXN00071,Howard Wolowitz,2025-01-11,3543.87,Wallet,NA,9999999999,user71@example.com,Pending
TXN00072,Dexter Morgan,2025-04-16,2982.12,UPI,dextermorgan@upi,9999999999,user72@example.com,Pending
TXN00073,Pam Beesly,2025-05-28,376.57,Wallet,NA,9999999999,user73@example.com,Success
TXN00074,Lara Croft,2025-04-26,2877.86,Card,NA,9999999999,user74@example.com,Failed
TXN00075,John Doe,2025-06-16,599.71,Card,NA,9999999999,user75@example.com,Pending
TXN00076,Rick Grimes,2025-05-29,88.78,UPI,rickgrimes@upi,9999999999,user76@example.com,Success
TXN00077,Saul Goodman,2025-03-01,3312.01,UPI,saulgoodman@upi,9999999999,user77@example.com,Failed
TXN00078,Leonard Hofstadter,2025-01-28,2943.23,Wallet,NA,9999999999,user78@example.com,Success
TXN00079,Leonard Hofstadter,2025-01-25,772.74,Wallet,NA,9999999999,user79@example.com,Pending
TXN00080,Penny Hofstadter,2025-02-14,1554.96,Card,NA,9999999999,user80@example.com,Pending
TXN00081,Dexter Morgan,2025-01-04,364.57,Card,NA,9999999999,user81@example.com,Failed
TXN00082,Pam Beesly,2025-06-28,313.9,Wallet,NA,9999999999,user82@example.com,Success
TXN00083,Dexter Morgan,2025-05-03,2924.25,UPI,dextermorgan@upi,9999999999,user83@example.com,Failed
TXN00084,Jim Halpert,2025-03-06,2123.46,UPI,jimhalpert@upi,9999999999,user84@example.com,Failed
TXN00085,Penny Hofstadter,2025-06-10,1958.1,Card,NA,9999999999,user85@example.com,Failed
TXN00086,Jim Halpert,2025-01-06,3348.65,Card,NA,9999999999,user86@example.com,Failed
TXN00087,Dexter Morgan,2025-02-06,1562.08,Wallet,NA,9999999999,user87@example.com,Pending
TXN00088,Dexter Morgan,2025-05-30,4159.23,UPI,dextermorgan@upi,9999999999,user88@example.com,Success
TXN00089,Rick Grimes,2025-04-04,1839.61,UPI,rickgrimes@upi,9999999999,user89@example.com,Failed
TXN00090,Jane Smith,2025-03-03,2458.65,Card,NA,9999999999,user90@example.com,Success
TXN00091,Howard Wolowitz,2025-01-06,2897.26,Wallet,NA,9999999999,user91@example.com,Pending
TXN00092,Jim Halpert,2025-06-12,4724.96,Card,NA,9999999999,user92@example.com,Failed
TXN00093,Lara Croft,2025-05-19,3883.64,Card,NA,9999999999,user93@example.com,Failed
TXN00094,Jesse Pinkman,2025-01-16,2050.08,Card,NA,9999999999,user94@example.com,Failed
TXN00095,Sheldon Cooper,2025-06-23,2473.27,UPI,sheldoncooper@upi,9999999999,user95@example.com,Pending
TXN00096,Jesse Pinkman,2025-03-16,66.73,Card,NA,9999999999,user96@example.com,Pending
TXN00097,Tony Stark,2025-06-14,3573.73,Card,NA,9999999999,user97@example.com,Failed
TXN00098,Lara Croft,2025-01-18,2310.3,Card,NA,9999999999,user98@example.com,Success
TXN00099,Sheldon Cooper,2025-04-08,3448.88,Card,NA,9999999999,user99@example.com,Failed
TXN00100,Negan,2025-04-13,1095.98,Card,NA,9999999999,user100@example.com,Failed
TXN00101,Rick Grimes,2025-06-21,1983.75,UPI,rickgrimes@upi,9999999999,user101@example.com,Failed
TXN00102,Ellen Ripley,2025-04-05,1644.43,Wallet,NA,9999999999,user102@example.com,Success
TXN00103,Bruce Wayne,2025-05-17,130.54,Wallet,NA,9999999999,user103@example.com,Success
TXN00104,Rick Grimes,2025-06-17,2851.38,Wallet,NA,9999999999,user104@example.com,Success
TXN00105,Sheldon Cooper,2025-04-06,3242.45,Wallet,NA,9999999999,user105@example.com,Pending
TXN00106,John Doe,2025-03-27,2754.55,UPI,johndoe@upi,9999999999,user106@example.com,Failed
TXN00107,Dwight Schrute,2025-01-20,2870.17,Card,NA,9999999999,user107@example.com,Failed
TXN00108,Jim Halpert,2025-04-12,1595.53,Wallet,NA,9999999999,user108@example.com,Success
TXN00109,Sheldon Cooper,2025-03-31,3672.46,UPI,sheldoncooper@upi,9999999999,user109@example.com,Success
TXN00110,Dwight Schrute,2025-02-04,1170.26,Card,NA,9999999999,user110@example.com,Failed
TXN00111,Tony Stark,2025-01-08,3945.78,UPI,tonystark@upi,9999999999,user111@example.com,Failed
TXN00112,Walter White,2025-06-09,2508.49,Card,NA,9999999999,user112@example.com,Failed
TXN00113,John Doe,2025-01-07,1167.86,Card,NA,9999999999,user113@example.com,Failed
TXN00114,Pam Beesly,2025-02-22,3543.88,Wallet,NA,9999999999,user114@example.com,Pending
TXN00115,Michael Scott,2025-05-03,1373.08,UPI,michaelscott@upi,9999999999,user115@example.com,Failed
TXN00116,Pam Beesly,2025-01-06,2225.74,UPI,pambeesly@upi,9999999999,user116@example.com,Success
TXN00117,Penny Hofstadter,2025-06-08,163.01,Card,NA,9999999999,user117@example.com,Failed
TXN00118,Jesse Pinkman,2025-01-21,1939.49,Wallet,NA,9999999999,user118@example.com,Failed
TXN00119,Saul Goodman,2025-01-07,4106.66,UPI,saulgoodman@upi,9999999999,user119@example.com,Success
TXN00120,Jesse Pinkman,2025-05-16,3837.63,UPI,jessepinkman@upi,9999999999,user120@example.com,Success
TXN00121,Jane Smith,2025-05-05,3760.89,Card,NA,9999999999,user121@example.com,Failed
TXN00122,Leonard Hofstadter,2025-05-15,3919.9,Wallet,NA,9999999999,user122@example.com,Success
TXN00123,Jesse Pinkman,2025-02-11,2425.85,UPI,jessepinkman@upi,9999999999,user123@example.com,Success
TXN00124,Jesse Pinkman,2025-04-02,4324.85,UPI,jessepinkman@upi,9999999999,user124@example.com,Success
TXN00125,Jesse Pinkman,2025-06-13,1296.58,Card,NA,9999999999,user125@example.com,Failed
TXN00126,Michael Scott,2025-02-10,1961.72,Card,NA,9999999999,user126@example.com,Pending
TXN00127,Penny Hofstadter,2025-02-04,2528.31,Card,NA,9999999999,user127@example.com,Success
TXN00128,Rick Grimes,2025-03-06,2190.0,Card,NA,9999999999,user128@example.com,Failed
TXN00129,Bruce Wayne,2025-03-27,1849.03,Wallet,NA,9999999999,user129@example.com,Failed
TXN00130,Dexter Morgan,2025-04-21,2479.41,Card,NA,9999999999,user130@example.com,Success
TXN00131,Negan,2025-02-13,2786.9,Card,NA,9999999999,user131@example.com,Success
TXN00132,Saul Goodman,2025-03-17,223.36,UPI,saulgoodman@upi,9999999999,user132@example.com,Pending
TXN00133,Bruce Wayne,2025-06-07,4368.97,Card,NA,9999999999,user133@example.com,Success
TXN00134,Howard Wolowitz,2025-05-23,1179.6,Wallet,NA,9999999999,user134@example.com,Success
TXN00135,Sheldon Cooper,2025-03-21,54.26,UPI,sheldoncooper@upi,9999999999,user135@example.com,Pending
TXN00136,Penny Hofstadter,2025-02-21,3749.26,UPI,pennyhofstadter@upi,9999999999,user136@example.com,Failed
TXN00137,Michael Scott,2025-05-15,4905.81,Wallet,NA,9999999999,user137@example.com,Failed
TXN00138,Howard Wolowitz,2025-02-07,2727.14,UPI,howardwolowitz@upi,9999999999,user138@example.com,Failed
TXN00139,Ellen Ripley,2025-02-25,742.05,Wallet,NA,9999999999,user139@example.com,Pending
TXN00140,Dwight Schrute,2025-04-21,4884.29,UPI,dwightschrute@upi,9999999999,user140@example.com,Success
TXN00141,Leonard Hofstadter,2025-01-23,3824.06,Card,NA,9999999999,user141@example.com,Success
TXN00142,Michael Scott,2025-04-28,4077.92,UPI,michaelscott@upi,9999999999,user142@example.com,Success
TXN00143,Saul Goodman,2025-03-16,2600.03,Wallet,NA,9999999999,user143@example.com,Success
TXN00144,Lara Croft,2025-04-29,1568.87,Card,NA,9999999999,user144@example.com,Failed
TXN00145,Jim Halpert,2025-03-29,600.31,Wallet,NA,9999999999,user145@example.com,Success
TXN00146,Ellen Ripley,2025-06-03,4742.77,UPI,ellenripley@upi,9999999999,user146@example.com,Pending
TXN00147,Lara Croft,2025-06-03,4283.04,Card,NA,9999999999,user147@example.com,Pending
TXN00148,Lara Croft,2025-04-22,3433.31,Wallet,NA,9999999999,user148@example.com,Pending
TXN00149,Jane Smith,2025-05-01,661.83,Card,NA,9999999999,user149@example.com,Pending
TXN00150,Tony Stark,2025-02-05,463.22,UPI,tonystark@upi,9999999999,user150@example.com,Success
TXN00151,Pam Beesly,2025-02-15,3095.25,Wallet,NA,9999999999,user151@example.com,Success
TXN00152,Pam Beesly,2025-05-10,647.76,UPI,pambeesly@upi,9999999999,user152@example.com,Pending
TXN00153,Sheldon Cooper,2025-06-03,1036.07,Card,NA,9999999999,user153@example.com,Success
TXN00154,Bruce Wayne,2025-04-04,4275.77,Wallet,NA,9999999999,user154@example.com,Failed
TXN00155,Dexter Morgan,2025-01-27,1695.52,Wallet,NA,9999999999,user155@example.com,Success
TXN00156,Penny Hofstadter,2025-01-09,1597.96,UPI,pennyhofstadter@upi,9999999999,user156@example.com,Pending
TXN00157,Jesse Pinkman,2025-05-22,3622.27,Card,NA,9999999999,user157@example.com,Success
TXN00158,Dwight Schrute,2025-01-23,1620.45,Card,NA,9999999999,user158@example.com,Pending
TXN00159,Pam Beesly,2025-04-18,1034.53,Card,NA,9999999999,user159@example.com,Success
TXN00160,Howard Wolowitz,2025-02-15,3254.54,Wallet,NA,9999999999,user160@example.com,Failed
TXN00161,Dexter Morgan,2025-02-14,3663.75,UPI,dextermorgan@upi,9999999999,user161@example.com,Success
TXN00162,Jesse Pinkman,2025-05-30,1804.35,UPI,jessepinkman@upi,9999999999,user162@example.com,Pending
TXN00163,Jesse Pinkman,2025-01-03,1221.53,Wallet,NA,9999999999,user163@example.com,Failed
TXN00164,Howard Wolowitz,2025-05-11,578.04,UPI,howardwolowitz@upi,9999999999,user164@example.com,Success
TXN00165,Rick Grimes,2025-04-12,2189.61,Wallet,NA,9999999999,user165@example.com,Failed
TXN00166,Lara Croft,2025-05-20,3559.41,UPI,laracroft@upi,9999999999,user166@example.com,Success
TXN00167,Walter White,2025-04-03,3937.51,Card,NA,9999999999,user167@example.com,Pending
TXN00168,Jim Halpert,2025-06-20,436.2,UPI,jimhalpert@upi,9999999999,user168@example.com,Pending
TXN00169,Pam Beesly,2025-01-01,4835.95,UPI,pambeesly@upi,9999999999,user169@example.com,Success
TXN00170,Jesse Pinkman,2025-05-17,4895.86,Card,NA,9999999999,user170@example.com,Pending
TXN00171,Jane Smith,2025-02-20,4996.07,UPI,janesmith@upi,9999999999,user171@example.com,Success
TXN00172,Sheldon Cooper,2025-04-04,801.1,Wallet,NA,9999999999,user172@example.com,Pending
TXN00173,Dwight Schrute,2025-06-08,541.4,Wallet,NA,9999999999,user173@example.com,Success
TXN00174,Ellen Ripley,2025-03-01,4047.78,Card,NA,9999999999,user174@example.com,Pending
TXN00175,Tony Stark,2025-06-04,2603.3,Wallet,NA,9999999999,user175@example.com,Success
TXN00176,Saul Goodman,2025-03-30,2615.61,Wallet,NA,9999999999,user176@example.com,Pending
TXN00177,Ellen Ripley,2025-05-17,4274.68,UPI,ellenripley@upi,9999999999,user177@example.com,Pending
TXN00178,Dwight Schrute,2025-03-06,4215.73,Wallet,NA,9999999999,user178@example.com,Pending
TXN00179,Rick Grimes,2025-01-21,2179.47,UPI,rickgrimes@upi,9999999999,user179@example.com,Pending
TXN00180,Negan,2025-02-28,4170.49,Card,NA,9999999999,user180@example.com,Pending
TXN00181,Dwight Schrute,2025-04-27,3324.3,Wallet,NA,9999999999,user181@example.com,Pending
TXN00182,Ellen Ripley,2025-05-03,3113.24,Card,NA,9999999999,user182@example.com,Pending
TXN00183,John Doe,2025-06-05,52.78,Wallet,NA,9999999999,user183@example.com,Pending
TXN00184,Lara Croft,2025-04-29,363.89,UPI,laracroft@upi,9999999999,user184@example.com,Success
TXN00185,Dexter Morgan,2025-04-12,171.66,UPI,dextermorgan@upi,9999999999,user185@example.com,Success
TXN00186,Jim Halpert,2025-01-25,4736.51,Card,NA,9999999999,user186@example.com,Failed
TXN00187,Jane Smith,2025-01-19,4603.21,Card,NA,9999999999,user187@example.com,Pending
TXN00188,Jim Halpert,2025-02-18,47.26,Card,NA,9999999999,user188@example.com,Success
TXN00189,Ellen Ripley,2025-04-12,3574.78,Card,NA,9999999999,user189@example.com,Failed
TXN00190,Dwight Schrute,2025-03-04,1504.89,Wallet,NA,9999999999,user190@example.com,Success
TXN00191,Walter White,2025-03-14,4477.18,UPI,walterwhite@upi,9999999999,user191@example.com,Failed
TXN00192,Pam Beesly,2025-06-19,3949.47,Card,NA,9999999999,user192@example.com,Failed
TXN00193,Jane Smith,2025-01-20,3474.84,Card,NA,9999999999,user193@example.com,Failed
TXN00194,Lara Croft,2025-04-11,4654.49,Wallet,NA,9999999999,user194@example.com,Failed
TXN00195,Sheldon Cooper,2025-02-06,886.36,Wallet,NA,9999999999,user195@example.com,Success
TXN00196,Jane Smith,2025-03-19,460.38,Wallet,NA,9999999999,user196@example.com,Failed
TXN00197,Leonard Hofstadter,2025-05-08,4958.8,Card,NA,9999999999,user197@example.com,Success
TXN00198,Lara Croft,2025-06-06,628.61,Wallet,NA,9999999999,user198@example.com,Failed
TXN00199,Jane Smith,2025-03-19,2799.14,Card,NA,9999999999,user199@example.com,Failed
TXN00200,Ellen Ripley,2025-03-20,2749.16,UPI,ellenripley@upi,9999999999,user200@example.com,Failed
TXN00201,Walter White,2025-03-29,3862.06,Wallet,NA,9999999999,user201@example.com,Failed
TXN00202,Jesse Pinkman,2025-04-27,993.0,Card,NA,9999999999,user202@example.com,Failed
TXN00203,Leonard Hofstadter,2025-06-11,2753.89,Wallet,NA,9999999999,user203@example.com,Success
TXN00204,Leonard Hofstadter,2025-02-23,4230.61,UPI,leonardhofstadter@upi,9999999999,user204@example.com,Success
TXN00205,Rick Grimes,2025-05-08,4988.49,UPI,rickgrimes@upi,9999999999,user205@example.com,Success
TXN00206,Bruce Wayne,2025-04-06,859.3,UPI,brucewayne@upi,9999999999,user206@example.com,Failed
TXN00207,Sheldon Cooper,2025-05-05,98.46,Wallet,NA,9999999999,user207@example.com,Failed
TXN00208,Michael Scott,2025-04-14,4093.01,Wallet,NA,9999999999,user208@example.com,Success
TXN00209,Pam Beesly,2025-01-03,2414.42,Card,NA,9999999999,user209@example.com,Pending
TXN00210,Dexter Morgan,2025-03-12,4178.27,Card,NA,9999999999,user210@example.com,Pending
TXN00211,John Doe,2025-03-05,1194.72,Card,NA,9999999999,user211@example.com,Pending
TXN00212,Lara Croft,2025-05-12,1896.38,UPI,laracroft@upi,9999999999,user212@example.com,Failed
TXN00213,Pam Beesly,2025-01-18,4758.91,Wallet,NA,9999999999,user213@example.com,Success
TXN00214,Jane Smith,2025-05-02,4485.19,Wallet,NA,9999999999,user214@example.com,Success
TXN00215,Dexter Morgan,2025-03-28,3364.22,UPI,dextermorgan@upi,9999999999,user215@example.com,Pending
TXN00216,Pam Beesly,2025-06-02,4400.61,Card,NA,9999999999,user216@example.com,Failed
TXN00217,Jesse Pinkman,2025-03-18,2334.65,Card,NA,9999999999,user217@example.com,Success
TXN00218,Sheldon Cooper,2025-01-12,645.03,Wallet,NA,9999999999,user218@example.com,Pending
TXN00219,Saul Goodman,2025-04-17,3887.36,UPI,saulgoodman@upi,9999999999,user219@example.com,Failed
TXN00220,Walter White,2025-06-04,3803.63,UPI,walterwhite@upi,9999999999,user220@example.com,Success
TXN00221,Leonard Hofstadter,2025-02-15,2438.23,Card,NA,9999999999,user221@example.com,Success
TXN00222,Lara Croft,2025-04-11,1831.03,Card,NA,9999999999,user222@example.com,Pending
TXN00223,Howard Wolowitz,2025-01-10,355.36,UPI,howardwolowitz@upi,9999999999,user223@example.com,Failed
TXN00224,Jim Halpert,2025-03-11,3985.82,Card,NA,9999999999,user224@example.com,Failed
TXN00225,Michael Scott,2025-04-10,3628.62,Card,NA,9999999999,user225@example.com,Pending
TXN00226,John Doe,2025-06-17,2863.05,Wallet,NA,9999999999,user226@example.com,Success
TXN00227,Pam Beesly,2025-05-14,245.42,UPI,pambeesly@upi,9999999999,user227@example.com,Pending
TXN00228,Sheldon Cooper,2025-06-16,1087.04,Card,NA,9999999999,user228@example.com,Pending
TXN00229,Dwight Schrute,2025-03-10,4242.87,UPI,dwightschrute@upi,9999999999,user229@example.com,Success
TXN00230,Howard Wolowitz,2025-06-22,2145.95,UPI,howardwolowitz@upi,9999999999,user230@example.com,Success
TXN00231,John Doe,2025-01-13,1909.79,Card,NA,9999999999,user231@example.com,Success
TXN00232,Jesse Pinkman,2025-01-07,20.82,UPI,jessepinkman@upi,9999999999,user232@example.com,Pending
TXN00233,Michael Scott,2025-06-20,1145.98,UPI,michaelscott@upi,9999999999,user233@example.com,Pending
TXN00234,Tony Stark,2025-02-08,4684.42,Card,NA,9999999999,user234@example.com,Failed
TXN00235,Dwight Schrute,2025-06-28,1420.03,UPI,dwightschrute@upi,9999999999,user235@example.com,Success
TXN00236,Michael Scott,2025-05-26,3495.24,Card,NA,9999999999,user236@example.com,Success
TXN00237,Walter White,2025-01-06,4392.11,Wallet,NA,9999999999,user237@example.com,Failed
TXN00238,Sheldon Cooper,2025-05-26,2911.53,UPI,sheldoncooper@upi,9999999999,user238@example.com,Success
TXN00239,Ellen Ripley,2025-01-30,2765.69,Card,NA,9999999999,user239@example.com,Failed
TXN00240,Pam Beesly,2025-06-10,2637.07,Card,NA,9999999999,user240@example.com,Failed
TXN00241,Jane Smith,2025-06-09,429.6,Card,NA,9999999999,user241@example.com,Failed
TXN00242,Howard Wolowitz,2025-05-05,3199.64,UPI,howardwolowitz@upi,9999999999,user242@example.com,Success
TXN00243,Michael Scott,2025-03-28,4579.4,Card,NA,9999999999,user243@example.com,Success
TXN00244,Saul Goodman,2025-01-06,2310.89,UPI,saulgoodman@upi,9999999999,user244@example.com,Failed
TXN00245,Lara Croft,2025-03-20,3323.61,Card,NA,9999999999,user245@example.com,Pending
TXN00246,Penny Hofstadter,2025-02-20,3778.59,Card,NA,9999999999,user246@example.com,Success
TXN00247,Dwight Schrute,2025-06-16,3066.1,UPI,dwightschrute@upi,9999999999,user247@example.com,Pending
TXN00248,Ellen Ripley,2025-02-26,328.19,Wallet,NA,9999999999,user248@example.com,Success
TXN00249,Howard Wolowitz,2025-04-22,730.37,Wallet,NA,9999999999,user249@example.com,Pending
TXN00250,Bruce Wayne,2025-06-05,4867.18,Card,NA,9999999999,user250@example.com,Pending
TXN00251,Lara Croft,2025-02-01,3701.24,Wallet,NA,9999999999,user251@example.com,Pending
TXN00252,Ellen Ripley,2025-02-27,4769.4,Wallet,NA,9999999999,user252@example.com,Failed
TXN00253,Sheldon Cooper,2025-01-21,3786.3,UPI,sheldoncooper@upi,9999999999,user253@example.com,Pending
TXN00254,Tony Stark,2025-05-31,3837.15,Wallet,NA,9999999999,user254@example.com,Pending
TXN00255,Lara Croft,2025-02-17,4794.64,Card,NA,9999999999,user255@example.com,Pending
TXN00256,Jane Smith,2025-01-23,1795.2,UPI,janesmith@upi,9999999999,user256@example.com,Success
TXN00257,Jane Smith,2025-03-01,448.31,UPI,janesmith@upi,9999999999,user257@example.com,Success
TXN00258,Saul Goodman,2025-03-23,4797.65,Wallet,NA,9999999999,user258@example.com,Pending
TXN00259,Jim Halpert,2025-02-27,2714.82,UPI,jimhalpert@upi,9999999999,user259@example.com,Success
TXN00260,Tony Stark,2025-02-21,3797.01,Wallet,NA,9999999999,user260@example.com,Pending
TXN00261,Negan,2025-06-19,4286.03,Card,NA,9999999999,user261@example.com,Failed
TXN00262,Michael Scott,2025-01-31,2646.69,Card,NA,9999999999,user262@example.com,Success
TXN00263,Bruce Wayne,2025-06-04,3320.78,Wallet,NA,9999999999,user263@example.com,Pending
TXN00264,Ellen Ripley,2025-03-26,175.28,UPI,ellenripley@upi,9999999999,user264@example.com,Failed
TXN00265,John Doe,2025-04-07,2337.09,UPI,johndoe@upi,9999999999,user265@example.com,Success
TXN00266,Penny Hofstadter,2025-05-27,374.39,UPI,pennyhofstadter@upi,9999999999,user266@example.com,Failed
TXN00267,Howard Wolowitz,2025-04-16,149.82,Wallet,NA,9999999999,user267@example.com,Failed
TXN00268,Ellen Ripley,2025-02-19,4273.06,UPI,ellenripley@upi,9999999999,user268@example.com,Success
TXN00269,John Doe,2025-03-20,726.82,UPI,johndoe@upi,9999999999,user269@example.com,Success
TXN00270,Ellen Ripley,2025-04-29,2455.32,Wallet,NA,9999999999,user270@example.com,Success
TXN00271,Ellen Ripley,2025-06-15,4368.19,Wallet,NA,9999999999,user271@example.com,Success
TXN00272,Tony Stark,2025-05-29,825.57,Card,NA,9999999999,user272@example.com,Failed
TXN00273,Ellen Ripley,2025-04-18,1270.42,UPI,ellenripley@upi,9999999999,user273@example.com,Success
TXN00274,Rick Grimes,2025-03-29,1054.2,Wallet,NA,9999999999,user274@example.com,Pending
TXN00275,Ellen Ripley,2025-01-17,1315.0,Card,NA,9999999999,user275@example.com,Failed
TXN00276,Penny Hofstadter,2025-04-09,3684.69,Card,NA,9999999999,user276@example.com,Success
TXN00277,Penny Hofstadter,2025-03-06,3175.42,Card,NA,9999999999,user277@example.com,Pending
TXN00278,Howard Wolowitz,2025-01-01,303.67,UPI,howardwolowitz@upi,9999999999,user278@example.com,Pending
TXN00279,Dwight Schrute,2025-06-14,170.7,UPI,dwightschrute@upi,9999999999,user279@example.com,Pending
TXN00280,Lara Croft,2025-01-24,3024.73,Card,NA,9999999999,user280@example.com,Pending
TXN00281,Tony Stark,2025-06-11,4267.32,Wallet,NA,9999999999,user281@example.com,Success
TXN00282,Sheldon Cooper,2025-04-14,1748.47,UPI,sheldoncooper@upi,9999999999,user282@example.com,Pending
TXN00283,Tony Stark,2025-04-11,4022.17,UPI,tonystark@upi,9999999999,user283@example.com,Failed
TXN00284,Jim Halpert,2025-01-23,630.69,UPI,jimhalpert@upi,9999999999,user284@example.com,Success
TXN00285,Jim Halpert,2025-01-05,2149.86,Wallet,NA,9999999999,user285@example.com,Failed
TXN00286,Negan,2025-03-10,1704.11,Card,NA,9999999999,user286@example.com,Success
TXN00287,Ellen Ripley,2025-04-02,4075.52,UPI,ellenripley@upi,9999999999,user287@example.com,Pending
TXN00288,Pam Beesly,2025-05-02,3897.39,Card,NA,9999999999,user288@example.com,Pending
TXN00289,Sheldon Cooper,2025-05-22,905.03,Card,NA,9999999999,user289@example.com,Pending
TXN00290,Negan,2025-05-01,2554.03,Wallet,NA,9999999999,user290@example.com,Failed
TXN00291,Dexter Morgan,2025-04-24,2418.25,Wallet,NA,9999999999,user291@example.com,Pending
TXN00292,Bruce Wayne,2025-02-21,1420.69,Card,NA,9999999999,user292@example.com,Success
TXN00293,Pam Beesly,2025-04-09,3027.89,Card,NA,9999999999,user293@example.com,Success
TXN00294,Lara Croft,2025-05-09,1508.71,Wallet,NA,9999999999,user294@example.com,Pending
TXN00295,Michael Scott,2025-03-06,2675.53,Wallet,NA,9999999999,user295@example.com,Failed
TXN00296,Pam Beesly,2025-03-20,427.09,Wallet,NA,9999999999,user296@example.com,Pending
TXN00297,Howard Wolowitz,2025-06-22,4275.63,UPI,howardwolowitz@upi,9999999999,user297@example.com,Pending
TXN00298,Bruce Wayne,2025-03-16,3897.72,UPI,brucewayne@upi,9999999999,user298@example.com,Success
TXN00299,Tony Stark,2025-04-03,600.03,UPI,tonystark@upi,9999999999,user299@example.com,Pending
TXN00300,Saul Goodman,2025-05-24,2672.08,UPI,saulgoodman@upi,9999999999,user300@example.com,Pending
TXN00301,Sheldon Cooper,2025-04-12,3159.58,Wallet,NA,9999999999,user301@example.com,Success
TXN00302,Dwight Schrute,2025-06-27,4107.04,UPI,dwightschrute@upi,9999999999,user302@example.com,Pending
TXN00303,Leonard Hofstadter,2025-05-16,2623.97,Wallet,NA,9999999999,user303@example.com,Pending
TXN00304,Walter White,2025-04-24,3275.84,UPI,walterwhite@upi,9999999999,user304@example.com,Success
TXN00305,Jim Halpert,2025-06-12,2361.69,Wallet,NA,9999999999,user305@example.com,Failed
TXN00306,Dwight Schrute,2025-03-16,4889.33,Wallet,NA,9999999999,user306@example.com,Success
TXN00307,Jim Halpert,2025-03-07,4428.56,UPI,jimhalpert@upi,9999999999,user307@example.com,Failed
TXN00308,Jim Halpert,2025-02-06,2602.09,Card,NA,9999999999,user308@example.com,Pending
TXN00309,Sheldon Cooper,2025-05-28,4442.96,Wallet,NA,9999999999,user309@example.com,Success
TXN00310,Walter White,2025-03-13,2188.17,Wallet,NA,9999999999,user310@example.com,Failed
TXN00311,Jane Smith,2025-05-21,1574.64,Card,NA,9999999999,user311@example.com,Pending
TXN00312,Penny Hofstadter,2025-03-18,1300.27,UPI,pennyhofstadter@upi,9999999999,user312@example.com,Pending
TXN00313,Tony Stark,2025-02-25,771.65,Wallet,NA,9999999999,user313@example.com,Failed
TXN00314,Rick Grimes,2025-02-12,3947.61,UPI,rickgrimes@upi,9999999999,user314@example.com,Failed
TXN00315,Leonard Hofstadter,2025-06-08,3686.53,UPI,leonardhofstadter@upi,9999999999,user315@example.com,Success
TXN00316,Saul Goodman,2025-06-19,428.2,UPI,saulgoodman@upi,9999999999,user316@example.com,Pending
TXN00317,Rick Grimes,2025-06-17,1024.35,Wallet,NA,9999999999,user317@example.com,Success
TXN00318,Jane Smith,2025-01-13,4789.96,UPI,janesmith@upi,9999999999,user318@example.com,Pending
TXN00319,Sheldon Cooper,2025-02-01,736.55,Card,NA,9999999999,user319@example.com,Failed
TXN00320,Pam Beesly,2025-06-16,3918.66,Card,NA,9999999999,user320@example.com,Failed
TXN00321,Penny Hofstadter,2025-03-09,2291.48,Card,NA,9999999999,user321@example.com,Failed
TXN00322,Saul Goodman,2025-05-03,1338.51,UPI,saulgoodman@upi,9999999999,user322@example.com,Failed
TXN00323,Negan,2025-01-16,4839.58,UPI,negan@upi,9999999999,user323@example.com,Success
TXN00324,Pam Beesly,2025-05-15,2603.92,Wallet,NA,9999999999,user324@example.com,Pending
TXN00325,Leonard Hofstadter,2025-04-30,3084.91,Wallet,NA,9999999999,user325@example.com,Failed
TXN00326,Michael Scott,2025-02-17,2366.26,Card,NA,9999999999,user326@example.com,Success
TXN00327,Walter White,2025-01-02,630.27,Card,NA,9999999999,user327@example.com,Success
TXN00328,Dexter Morgan,2025-05-08,2514.74,UPI,dextermorgan@upi,9999999999,user328@example.com,Pending
TXN00329,Ellen Ripley,2025-05-21,3563.67,UPI,ellenripley@upi,9999999999,user329@example.com,Pending
TXN00330,Sheldon Cooper,2025-04-17,3571.2,Card,NA,9999999999,user330@example.com,Success
TXN00331,Jesse Pinkman,2025-02-23,2871.6,Wallet,NA,9999999999,user331@example.com,Success
TXN00332,Lara Croft,2025-02-23,241.49,Wallet,NA,9999999999,user332@example.com,Failed
TXN00333,Bruce Wayne,2025-01-09,2963.57,UPI,brucewayne@upi,9999999999,user333@example.com,Success
TXN00334,Michael Scott,2025-03-25,4922.94,Wallet,NA,9999999999,user334@example.com,Failed
TXN00335,Howard Wolowitz,2025-01-03,1232.66,UPI,howardwolowitz@upi,9999999999,user335@example.com,Success
TXN00336,Tony Stark,2025-04-11,1043.07,UPI,tonystark@upi,9999999999,user336@example.com,Failed
TXN00337,John Doe,2025-04-23,4453.8,UPI,johndoe@upi,9999999999,user337@example.com,Success
TXN00338,Jim Halpert,2025-02-20,3093.35,UPI,jimhalpert@upi,9999999999,user338@example.com,Success
TXN00339,Walter White,2025-02-04,1687.99,UPI,walterwhite@upi,9999999999,user339@example.com,Pending
TXN00340,Howard Wolowitz,2025-02-05,708.11,UPI,howardwolowitz@upi,9999999999,user340@example.com,Pending
TXN00341,Tony Stark,2025-05-26,4699.24,Wallet,NA,9999999999,user341@example.com,Failed
TXN00342,Howard Wolowitz,2025-06-30,3622.96,Wallet,NA,9999999999,user342@example.com,Pending
TXN00343,John Doe,2025-03-19,4364.79,Wallet,NA,9999999999,user343@example.com,Failed
TXN00344,Dexter Morgan,2025-05-19,4935.23,UPI,dextermorgan@upi,9999999999,user344@example.com,Pending
TXN00345,Rick Grimes,2025-04-21,4282.19,Card,NA,9999999999,user345@example.com,Success
TXN00346,Howard Wolowitz,2025-02-02,1266.61,Wallet,NA,9999999999,user346@example.com,Pending
TXN00347,Walter White,2025-05-23,2630.92,Card,NA,9999999999,user347@example.com,Failed
TXN00348,Ellen Ripley,2025-04-17,4761.17,Wallet,NA,9999999999,user348@example.com,Pending
TXN00349,Walter White,2025-05-06,154.46,Card,NA,9999999999,user349@example.com,Pending
TXN00350,Leonard Hofstadter,2025-05-23,3789.66,UPI,leonardhofstadter@upi,9999999999,user350@example.com,Failed
TXN00351,Bruce Wayne,2025-03-12,1270.9,Wallet,NA,9999999999,user351@example.com,Failed
TXN00352,Dwight Schrute,2025-04-08,1460.64,UPI,dwightschrute@upi,9999999999,user352@example.com,Pending
TXN00353,Lara Croft,2025-02-06,4584.44,Wallet,NA,9999999999,user353@example.com,Failed
TXN00354,Penny Hofstadter,2025-01-09,2976.65,Wallet,NA,9999999999,user354@example.com,Pending
TXN00355,Jane Smith,2025-01-14,3709.05,Wallet,NA,9999999999,user355@example.com,Success
TXN00356,Bruce Wayne,2025-05-26,4669.19,Card,NA,9999999999,user356@example.com,Pending
TXN00357,Sheldon Cooper,2025-04-09,1677.2,Wallet,NA,9999999999,user357@example.com,Pending
TXN00358,Negan,2025-06-02,1754.08,Card,NA,9999999999,user358@example.com,Success
TXN00359,John Doe,2025-02-26,4584.76,Card,NA,9999999999,user359@example.com,Failed
TXN00360,Penny Hofstadter,2025-06-14,4504.03,Card,NA,9999999999,user360@example.com,Success
TXN00361,Sheldon Cooper,2025-06-02,4870.95,Card,NA,9999999999,user361@example.com,Success
TXN00362,Walter White,2025-04-09,766.5,UPI,walterwhite@upi,9999999999,user362@example.com,Failed
TXN00363,Rick Grimes,2025-06-24,2024.9,Wallet,NA,9999999999,user363@example.com,Pending
TXN00364,Rick Grimes,2025-03-25,2677.41,UPI,rickgrimes@upi,9999999999,user364@example.com,Pending
TXN00365,Dwight Schrute,2025-04-16,3133.07,UPI,dwightschrute@upi,9999999999,user365@example.com,Success
TXN00366,Jesse Pinkman,2025-06-18,556.04,Card,NA,9999999999,user366@example.com,Success
TXN00367,Jesse Pinkman,2025-06-09,2598.68,Wallet,NA,9999999999,user367@example.com,Pending
TXN00368,Jane Smith,2025-01-04,3050.32,Wallet,NA,9999999999,user368@example.com,Failed
TXN00369,Dwight Schrute,2025-03-10,3882.07,Card,NA,9999999999,user369@example.com,Pending
TXN00370,Penny Hofstadter,2025-06-20,3248.5,Wallet,NA,9999999999,user370@example.com,Pending
TXN00371,Tony Stark,2025-06-26,4243.32,UPI,tonystark@upi,9999999999,user371@example.com,Pending
TXN00372,Lara Croft,2025-06-22,3861.06,Card,NA,9999999999,user372@example.com,Pending
TXN00373,Lara Croft,2025-06-08,1820.38,UPI,laracroft@upi,9999999999,user373@example.com,Success
TXN00374,Jane Smith,2025-04-02,4751.76,Wallet,NA,9999999999,user374@example.com,Pending
TXN00375,Dexter Morgan,2025-03-26,4396.2,Card,NA,9999999999,user375@example.com,Failed
TXN00376,John Doe,2025-01-18,4512.73,UPI,johndoe@upi,9999999999,user376@example.com,Success
TXN00377,Penny Hofstadter,2025-06-03,3994.74,Card,NA,9999999999,user377@example.com,Success
TXN00378,Michael Scott,2025-05-23,3784.2,UPI,michaelscott@upi,9999999999,user378@example.com,Failed
TXN00379,Howard Wolowitz,2025-05-05,1155.53,Wallet,NA,9999999999,user379@example.com,Pending
TXN00380,Jesse Pinkman,2025-01-30,1280.51,Wallet,NA,9999999999,user380@example.com,Success
TXN00381,Ellen Ripley,2025-04-17,3507.87,Card,NA,9999999999,user381@example.com,Pending
TXN00382,Leonard Hofstadter,2025-06-17,2476.78,UPI,leonardhofstadter@upi,9999999999,user382@example.com,Failed
TXN00383,Sheldon Cooper,2025-03-30,3008.59,UPI,sheldoncooper@upi,9999999999,user383@example.com,Failed
TXN00384,Penny Hofstadter,2025-02-14,3892.89,Card,NA,9999999999,user384@example.com,Pending
TXN00385,Walter White,2025-01-16,1555.98,UPI,walterwhite@upi,9999999999,user385@example.com,Pending
TXN00386,Jesse Pinkman,2025-05-04,4852.11,UPI,jessepinkman@upi,9999999999,user386@example.com,Pending
TXN00387,Jim Halpert,2025-02-27,2998.05,Wallet,NA,9999999999,user387@example.com,Pending
TXN00388,Rick Grimes,2025-02-09,2599.69,Wallet,NA,9999999999,user388@example.com,Failed
TXN00389,John Doe,2025-05-28,3224.46,Wallet,NA,9999999999,user389@example.com,Pending
TXN00390,Rick Grimes,2025-04-11,3416.46,Card,NA,9999999999,user390@example.com,Pending
TXN00391,Saul Goodman,2025-04-25,2670.36,UPI,saulgoodman@upi,9999999999,user391@example.com,Success
TXN00392,Leonard Hofstadter,2025-02-01,3794.56,UPI,leonardhofstadter@upi,9999999999,user392@example.com,Success
TXN00393,Howard Wolowitz,2025-05-15,1801.39,Wallet,NA,9999999999,user393@example.com,Success
TXN00394,Jim Halpert,2025-01-12,4049.69,Wallet,NA,9999999999,user394@example.com,Success
TXN00395,Leonard Hofstadter,2025-05-19,1735.99,Wallet,NA,9999999999,user395@example.com,Success
TXN00396,Jesse Pinkman,2025-04-09,2019.24,Card,NA,9999999999,user396@example.com,Failed
TXN00397,Dwight Schrute,2025-01-27,243.13,Card,NA,9999999999,user397@example.com,Pending
TXN00398,Jesse Pinkman,2025-05-30,2607.65,Wallet,NA,9999999999,user398@example.com,Success
TXN00399,Jane Smith,2025-06-03,2425.71,Wallet,NA,9999999999,user399@example.com,Pending
TXN00400,Leonard Hofstadter,2025-02-24,2065.14,UPI,leonardhofstadter@upi,9999999999,user400@example.com,Pending
TXN00401,Howard Wolowitz,2025-01-27,3169.89,Wallet,NA,9999999999,user401@example.com,Pending
TXN00402,Pam Beesly,2025-04-28,2981.96,Card,NA,9999999999,user402@example.com,Pending
TXN00403,Howard Wolowitz,2025-01-14,1620.35,Wallet,NA,9999999999,user403@example.com,Pending
TXN00404,Ellen Ripley,2025-04-14,4226.38,Card,NA,9999999999,user404@example.com,Pending
TXN00405,Penny Hofstadter,2025-06-06,267.14,Wallet,NA,9999999999,user405@example.com,Failed
TXN00406,Jane Smith,2025-04-22,4903.17,Card,NA,9999999999,user406@example.com,Success
TXN00407,Jesse Pinkman,2025-06-28,3984.0,Card,NA,9999999999,user407@example.com,Failed
TXN00408,Ellen Ripley,2025-03-05,2954.97,UPI,ellenripley@upi,9999999999,user408@example.com,Pending
TXN00409,Jesse Pinkman,2025-05-14,2075.6,Card,NA,9999999999,user409@example.com,Success
TXN00410,Jim Halpert,2025-03-04,3457.8,Wallet,NA,9999999999,user410@example.com,Pending
TXN00411,Sheldon Cooper,2025-03-17,3626.5,Wallet,NA,9999999999,user411@example.com,Success
TXN00412,Jim Halpert,2025-01-14,72.57,Wallet,NA,9999999999,user412@example.com,Failed
TXN00413,Rick Grimes,2025-04-12,3353.05,UPI,rickgrimes@upi,9999999999,user413@example.com,Pending
TXN00414,Ellen Ripley,2025-06-03,2969.93,Card,NA,9999999999,user414@example.com,Pending
TXN00415,Saul Goodman,2025-03-05,1336.98,Wallet,NA,9999999999,user415@example.com,Success
TXN00416,Sheldon Cooper,2025-04-12,3853.44,Card,NA,9999999999,user416@example.com,Pending
TXN00417,Michael Scott,2025-02-28,4305.37,Wallet,NA,9999999999,user417@example.com,Success
TXN00418,Negan,2025-06-15,610.41,UPI,negan@upi,9999999999,user418@example.com,Failed
TXN00419,Howard Wolowitz,2025-03-04,1707.83,UPI,howardwolowitz@upi,9999999999,user419@example.com,Pending
TXN00420,Sheldon Cooper,2025-06-19,4878.37,Card,NA,9999999999,user420@example.com,Success
TXN00421,Jesse Pinkman,2025-03-13,2589.3,Wallet,NA,9999999999,user421@example.com,Pending
TXN00422,Saul Goodman,2025-02-20,2331.36,UPI,saulgoodman@upi,9999999999,user422@example.com,Pending
TXN00423,Jim Halpert,2025-06-04,1434.35,UPI,jimhalpert@upi,9999999999,user423@example.com,Failed
TXN00424,Rick Grimes,2025-04-09,2076.07,Wallet,NA,9999999999,user424@example.com,Pending
TXN00425,Pam Beesly,2025-06-01,1730.57,UPI,pambeesly@upi,9999999999,user425@example.com,Pending
TXN00426,Tony Stark,2025-05-22,945.7,UPI,tonystark@upi,9999999999,user426@example.com,Pending
TXN00427,Michael Scott,2025-02-07,2607.06,Card,NA,9999999999,user427@example.com,Success
TXN00428,Dexter Morgan,2025-05-26,1382.6,Card,NA,9999999999,user428@example.com,Pending
TXN00429,Rick Grimes,2025-01-31,3143.73,Wallet,NA,9999999999,user429@example.com,Failed
TXN00430,Leonard Hofstadter,2025-01-28,530.77,Wallet,NA,9999999999,user430@example.com,Success
TXN00431,Sheldon Cooper,2025-03-19,1761.36,UPI,sheldoncooper@upi,9999999999,user431@example.com,Failed
TXN00432,Jim Halpert,2025-02-15,3891.61,Wallet,NA,9999999999,user432@example.com,Pending
TXN00433,Penny Hofstadter,2025-01-31,2585.54,Card,NA,9999999999,user433@example.com,Failed
TXN00434,Leonard Hofstadter,2025-04-05,2303.59,Wallet,NA,9999999999,user434@example.com,Failed
TXN00435,Jim Halpert,2025-02-28,1974.37,UPI,jimhalpert@upi,9999999999,user435@example.com,Pending
TXN00436,Dexter Morgan,2025-01-06,3065.63,Card,NA,9999999999,user436@example.com,Failed
TXN00437,Negan,2025-03-24,1590.66,Card,NA,9999999999,user437@example.com,Success
TXN00438,Saul Goodman,2025-01-16,3982.21,Card,NA,9999999999,user438@example.com,Failed
TXN00439,John Doe,2025-03-26,3686.64,UPI,johndoe@upi,9999999999,user439@example.com,Success
TXN00440,Jane Smith,2025-04-22,4032.79,Wallet,NA,9999999999,user440@example.com,Pending
TXN00441,Leonard Hofstadter,2025-01-26,1841.97,Wallet,NA,9999999999,user441@example.com,Success
TXN00442,Michael Scott,2025-03-16,3404.98,UPI,michaelscott@upi,9999999999,user442@example.com,Pending
TXN00443,Rick Grimes,2025-05-08,1012.01,Wallet,NA,9999999999,user443@example.com,Pending
TXN00444,Leonard Hofstadter,2025-01-27,4841.76,Wallet,NA,9999999999,user444@example.com,Pending
TXN00445,Michael Scott,2025-02-16,1834.1,Card,NA,9999999999,user445@example.com,Success
TXN00446,Saul Goodman,2025-01-10,4252.41,UPI,saulgoodman@upi,9999999999,user446@example.com,Success
TXN00447,Ellen Ripley,2025-06-08,4887.54,UPI,ellenripley@upi,9999999999,user447@example.com,Pending
TXN00448,Michael Scott,2025-05-21,2744.52,Wallet,NA,9999999999,user448@example.com,Success
TXN00449,John Doe,2025-06-06,1544.42,Card,NA,9999999999,user449@example.com,Success
TXN00450,Jim Halpert,2025-06-02,334.9,UPI,jimhalpert@upi,9999999999,user450@example.com,Failed
TXN00451,Bruce Wayne,2025-03-05,899.55,Card,NA,9999999999,user451@example.com,Success
TXN00452,Jim Halpert,2025-03-06,3951.74,Wallet,NA,9999999999,user452@example.com,Failed
TXN00453,Jim Halpert,2025-03-22,4934.26,Wallet,NA,9999999999,user453@example.com,Success
TXN00454,Walter White,2025-05-09,3045.92,Wallet,NA,9999999999,user454@example.com,Pending
TXN00455,Michael Scott,2025-01-12,3408.39,UPI,michaelscott@upi,9999999999,user455@example.com,Success
TXN00456,Jane Smith,2025-05-09,2207.38,UPI,janesmith@upi,9999999999,user456@example.com,Failed
TXN00457,Saul Goodman,2025-02-03,1021.37,UPI,saulgoodman@upi,9999999999,user457@example.com,Failed
TXN00458,Dexter Morgan,2025-06-16,476.78,Wallet,NA,9999999999,user458@example.com,Pending
TXN00459,Penny Hofstadter,2025-06-01,1272.1,Card,NA,9999999999,user459@example.com,Pending
TXN00460,Michael Scott,2025-04-27,1356.24,Wallet,NA,9999999999,user460@example.com,Success
TXN00461,John Doe,2025-03-08,574.46,Card,NA,9999999999,user461@example.com,Success
TXN00462,Howard Wolowitz,2025-03-08,139.58,UPI,howardwolowitz@upi,9999999999,user462@example.com,Failed
TXN00463,Dwight Schrute,2025-05-13,4507.97,Wallet,NA,9999999999,user463@example.com,Success
TXN00464,Lara Croft,2025-03-19,2184.45,UPI,laracroft@upi,9999999999,user464@example.com,Failed
TXN00465,Sheldon Cooper,2025-05-02,1994.39,Wallet,NA,9999999999,user465@example.com,Pending
TXN00466,Ellen Ripley,2025-02-25,2435.92,UPI,ellenripley@upi,9999999999,user466@example.com,Success
TXN00467,Dexter Morgan,2025-02-09,244.95,Card,NA,9999999999,user467@example.com,Success
TXN00468,Penny Hofstadter,2025-04-18,31.15,Card,NA,9999999999,user468@example.com,Failed
TXN00469,John Doe,2025-05-04,1675.41,Card,NA,9999999999,user469@example.com,Failed
TXN00470,Walter White,2025-06-06,682.31,Wallet,NA,9999999999,user470@example.com,Success
TXN00471,Ellen Ripley,2025-04-09,3986.72,UPI,ellenripley@upi,9999999999,user471@example.com,Failed
TXN00472,Walter White,2025-04-07,2878.27,UPI,walterwhite@upi,9999999999,user472@example.com,Failed
TXN00473,Penny Hofstadter,2025-04-15,4693.88,Wallet,NA,9999999999,user473@example.com,Pending
TXN00474,Tony Stark,2025-01-16,1576.57,Wallet,NA,9999999999,user474@example.com,Failed
TXN00475,Negan,2025-01-06,852.71,Card,NA,9999999999,user475@example.com,Success
TXN00476,Lara Croft,2025-02-24,4615.22,Wallet,NA,9999999999,user476@example.com,Success
TXN00477,Sheldon Cooper,2025-02-10,2908.56,Card,NA,9999999999,user477@example.com,Failed
TXN00478,Dexter Morgan,2025-02-04,392.47,UPI,dextermorgan@upi,9999999999,user478@example.com,Failed
TXN00479,Jane Smith,2025-02-07,974.49,Card,NA,9999999999,user479@example.com,Pending
TXN00480,Leonard Hofstadter,2025-05-04,1597.29,Wallet,NA,9999999999,user480@example.com,Pending
TXN00481,Michael Scott,2025-03-31,3330.09,Wallet,NA,9999999999,user481@example.com,Failed
TXN00482,Penny Hofstadter,2025-02-06,2795.76,Card,NA,9999999999,user482@example.com,Failed
TXN00483,John Doe,2025-03-21,829.35,Card,NA,9999999999,user483@example.com,Failed
TXN00484,Pam Beesly,2025-06-01,2118.59,Wallet,NA,9999999999,user484@example.com,Pending
TXN00485,Leonard Hofstadter,2025-03-10,968.14,UPI,leonardhofstadter@upi,9999999999,user485@example.com,Pending
TXN00486,Penny Hofstadter,2025-02-15,120.01,Card,NA,9999999999,user486@example.com,Success
TXN00487,Walter White,2025-06-14,4257.71,Wallet,NA,9999999999,user487@example.com,Failed
TXN00488,Lara Croft,2025-03-17,1284.22,UPI,laracroft@upi,9999999999,user488@example.com,Success
TXN00489,Pam Beesly,2025-04-10,2506.44,UPI,pambeesly@upi,9999999999,user489@example.com,Success
TXN00490,Pam Beesly,2025-04-24,1432.78,Card,NA,9999999999,user490@example.com,Failed
TXN00491,Tony Stark,2025-04-16,4075.44,UPI,tonystark@upi,9999999999,user491@example.com,Success
TXN00492,Jane Smith,2025-06-20,1753.44,UPI,janesmith@upi,9999999999,user492@example.com,Failed
TXN00493,Howard Wolowitz,2025-01-10,1931.56,UPI,howardwolowitz@upi,9999999999,user493@example.com,Pending
TXN00494,Michael Scott,2025-05-28,1679.82,Wallet,NA,9999999999,user494@example.com,Failed
TXN00495,Lara Croft,2025-04-25,3059.87,UPI,laracroft@upi,9999999999,user495@example.com,Pending
TXN00496,Jane Smith,2025-02-14,4006.81,UPI,janesmith@upi,9999999999,user496@example.com,Success
TXN00497,Saul Goodman,2025-05-03,517.25,UPI,saulgoodman@upi,9999999999,user497@example.com,Success
TXN00498,Lara Croft,2025-05-15,2127.36,UPI,laracroft@upi,9999999999,user498@example.com,Pending
TXN00499,Lara Croft,2025-05-06,3328.11,Wallet,NA,9999999999,user499@example.com,Pending
TXN00500,Dwight Schrute,2025-02-01,4666.07,UPI,dwightschrute@upi,9999999999,user500@example.com,Pending
